{
    "camera_data": {
        "width": 500,
        "height": 500,
        "camera_look_at": {
            "at": [
                -0.0,
                1.0,
                -7.549790126404332e-08
            ],
            "eye": [
                -0.0,
                25.0,
                -0.0
            ],
            "up": [
                1.0,
                0.0,
                0.0
            ]
        },
        "intrinsics": {
            "fx": 603.5535070631239,
            "fy": 603.5535070631239,
            "cx": 0.0,
            "cy": 0.0
        }
    },
    "objects": [
        {
            "class": "Ketchup",
            "name": "Ketchup_000",
            "visibility": 2046,
            "projected_cuboid": [
                [
                    357.03878478730803,
                    345.0559634227496
                ],
                [
                    327.1009289871673,
                    364.8410996927623
                ],
                [
                    317.2421490317744,
                    319.2894061197144
                ],
                [
                    350.84951150575495,
                    297.7523426222113
                ],
                [
                    372.47929760633997,
                    362.6949730319673
                ],
                [
                    341.93504590907185,
                    383.21515651919947
                ],
                [
                    333.6142339178735,
                    338.57785910904886
                ],
                [
                    367.9889544824361,
                    316.15272061986695
                ],
                [
                    346.2272370168993,
                    342.06600454257966
                ]
            ],
            "location": [
                15.829212167781016,
                -15.148641003171502,
                -98.77532199680023
            ],
            "quaternion_xyzw": [
                0.8787153834158955,
                0.20047297099986794,
                -0.19654202945178065,
                -0.38605840685797205
            ]
        },
        {
            "class": "Ketchup",
            "name": "Ketchup_001",
            "visibility": 1887,
            "projected_cuboid": [
                [
                    240.09446827088445,
                    124.39799096772757
                ],
                [
                    255.87113263957195,
                    110.09148577605558
                ],
                [
                    216.0029819450409,
                    166.2732539787802
                ],
                [
                    199.91186424493955,
                    181.75043123021175
                ],
                [
                    260.5012770712611,
                    141.6076658733793
                ],
                [
                    275.3063512030774,
                    126.52700773019063
                ],
                [
                    233.79181091875873,
                    181.18219887738695
                ],
                [
                    218.5110492155664,
                    197.29336315848565
                ],
                [
                    236.72127269256097,
                    154.78902156568955
                ]
            ],
            "location": [
                -2.2408106234995984,
                16.605320301404493,
                -105.81430243727489
            ],
            "quaternion_xyzw": [
                0.013424031239580367,
                -0.6930453813858525,
                -0.4721031288903359,
                0.544634308887138
            ]
        },
        {
            "class": "Ketchup",
            "name": "Ketchup_002",
            "visibility": 1630,
            "projected_cuboid": [
                [
                    216.56374222431742,
                    187.57909335059261
                ],
                [
                    222.75419017016608,
                    194.64133851567505
                ],
                [
                    158.0839154265185,
                    165.24537378172005
                ],
                [
                    148.50148021936832,
                    156.73575616099632
                ],
                [
                    206.56005035217032,
                    208.25146511455932
                ],
                [
                    213.29077385693125,
                    214.23092028288082
                ],
                [
                    148.71294276971068,
                    184.37250176323334
                ],
                [
                    138.60138825357734,
                    176.8937338653398
                ],
                [
                    181.3842817801986,
                    185.91653222031962
                ]
            ],
            "location": [
                -13.322344311891314,
                12.436988528684177,
                -118.04941884087935
            ],
            "quaternion_xyzw": [
                0.5760612767678719,
                0.4377064482948515,
                0.6139946420387854,
                -0.31555831486008723
            ]
        },
        {
            "class": "Ketchup",
            "name": "Ketchup_003",
            "visibility": 7950,
            "projected_cuboid": [
                [
                    400.1984692067717,
                    221.54868246668434
                ],
                [
                    470.55515821197264,
                    222.18749870584844
                ],
                [
                    497.75693119487596,
                    147.1077462473068
                ],
                [
                    404.916201100467,
                    148.71173920044043
                ],
                [
                    400.792077477966,
                    180.72861459841545
                ],
                [
                    469.5525988191997,
                    180.3362220741356
                ],
                [
                    495.63122346149385,
                    94.62211376204169
                ],
                [
                    405.5499479114893,
                    97.83511096621814
                ],
                [
                    441.5034149782989,
                    166.61266858700742
                ]
            ],
            "location": [
                16.399211023273473,
                7.078585780379416,
                -51.54882101880348
            ],
            "quaternion_xyzw": [
                -0.0978659371859821,
                -0.5799716984018345,
                0.8066471228479855,
                -0.05809911008497149
            ]
        },
        {
            "class": "Ketchup",
            "name": "Ketchup_004",
            "visibility": 365,
            "projected_cuboid": [
                [
                    270.3940460445717,
                    226.80412960332697
                ],
                [
                    232.099596933588,
                    207.12489548787542
                ],
                [
                    268.5227751265783,
                    177.27973038564213
                ],
                [
                    302.53072472994165,
                    194.16944590573797
                ],
                [
                    280.3110684316961,
                    201.84732196679747
                ],
                [
                    240.88037086656712,
                    182.00340345677728
                ],
                [
                    277.0390379263731,
                    154.61103651101934
                ],
                [
                    311.9375088757332,
                    171.61055098569358
                ],
                [
                    273.9176253514268,
                    188.52295669667993
                ]
            ],