{
  "camera_data": {},
  "objects": [
    {
      "class": "cracker",
      "location": [
        -5.060833179395392,
        1.5902615361530534,
        55.14454981209133
      ],
      "quaternion_xyzw": [
        0.49201121645278023,
        -0.4874255005031519,
        0.46389310071180595,
        0.5523988916135637
      ],
      "projected_cuboid": [
        [
          241.1304722718205,
          137.71640777769937
        ],
        [
          214.21579974344422,
          106.07953488439826
        ],
        [
          135.72820256428884,
          114.06638414105149
        ],
        [
          187.4705591053363,
          142.83738667607022
        ],
        [
          251.39775729837095,
          262.9561161048055
        ],
        [
          229.04444503373287,
          291.4718307882184
        ],
        [
          149.1618996930036,
          296.8472386593105
        ],
        [
          197.09086515124164,
          266.879917243434
        ],
        [
          204.00547720087354,
          201.95282187505413
        ]
      ]
    }
  ]
}