{
    "camera_data": {
        "width": 500,
        "height": 500,
        "camera_look_at": {
            "at": [
                -0.0,
                1.0,
                -7.549790126404332e-08
            ],
            "eye": [
                -0.0,
                25.0,
                -0.0
            ],
            "up": [
                1.0,
                0.0,
                0.0
            ]
        },
        "intrinsics": {
            "fx": 603.5535070631239,
            "fy": 603.5535070631239,
            "cx": 0.0,
            "cy": 0.0
        }
    },
    "objects": [
        {
            "class": "models",
            "name": "models_000",
            "visibility": 3460,
            "projected_cuboid": [
                [
                    38.73123954304424,
                    453.44850854540624
                ],
                [
                    -54.91775830071015,
                    465.95956681574995
                ],
                [
                    -1.1046433334957158,
                    477.47617973004265
                ],
                [
                    89.44693232538265,
                    467.0564776851031
                ],
                [
                    48.48099378961382,
                    400.3833177004895
                ],
                [
                    -42.26672544371422,
                    416.9412037369401
                ],
                [
                    8.613851551527233,
                    431.69817645449564
                ],
                [
                    96.37149203023878,
                    417.75540199063994
                ],
                [
                    22.08299607896305,
                    441.4253987955208
                ]
            ],
            "location": [
                -19.77698055413763,
                -19.612079356693886,
                -57.0312397966873
            ],
            "quaternion_xyzw": [
                0.47711899108344685,
                -0.1275959862772815,
                0.2141215686753174,
                0.8427506668413031
            ]
        },
        {
            "class": "models",
            "name": "models_001",
            "visibility": 4129,
            "projected_cuboid": [
                [
                    269.84235936544917,
                    272.7263093953999
                ],
                [
                    222.8477749307348,
                    196.8731721838637
                ],
                [
                    248.52039422490824,
                    182.89411806979217
                ],
                [
                    292.75186594094976,
                    254.65835377818593
                ],
                [
                    293.698346440443,
                    260.62691639288494
                ],
                [
                    245.05956286401403,
                    181.7448139555006
                ],
                [
                    270.3917229297083,
                    168.12569776031756
                ],
                [
                    316.0756071078847,
                    242.59504070404117
                ],
                [
                    270.118982372862,
                    220.0564640596104
                ]
            ],
            "location": [
                3.1356461956399073,
                -1.1358158076641538,
                -88.14172095247805
            ],
            "quaternion_xyzw": [
                0.8006487727518644,
                -0.43425535914039765,
                -0.21960164020168085,
                0.34951243950610317
            ]
        },
        {
            "class": "models",
            "name": "models_002",
            "visibility": 1962,
            "projected_cuboid": [
                [
                    267.75413049174347,
                    173.15544015948387
                ],
                [
                    254.62507808472162,
                    136.7565585569227
                ],
                [
                    207.210964548058,
                    140.19620184267416
                ],
                [
                    226.10947008702223,
                    175.74396316234663
                ],
                [
                    267.7219773480099,
                    145.10336876471715
                ],
                [
                    254.79752929526003,
                    105.29199487125305
                ],
                [
                    208.12677004267033,
                    109.08740919038411
                ],
                [
                    226.65189865200267,
                    147.97659300794663
                ],
                [
                    239.51769385841777,
                    142.81612866644784
                ]
            ],
            "location": [
                0.8182745773915912,
                12.711938744831212,
                -94.68914731743018
            ],
            "quaternion_xyzw": [
                0.4616991269300838,
                0.38466422481441903,
                -0.5163038320223903,
                0.6101620304303715
            ]
        },
        {
            "class": "models",
            "name": "models_003",
            "visibility": 2777,
            "projected_cuboid": [
                [
                    386.33029117546675,
                    233.22534067159566
                ],
                [
                    393.7659733838051,
                    293.81058229973655
                ],
                [
                    336.44700044079394,
                    289.24985881676935
                ],
                [
                    336.22316314803425,
                    229.6627126655735
                ],
                [
                    391.6535930274665,
                    202.4577924267908
                ],
                [
                    400.19770436047816,
                    260.96061975859527
                ],
                [
                    340.45147850883234,
                    256.48753181244166
                ],
                [
                    339.7013770713179,
                    198.99217844433508
                ],
                [
                    365.3006385455758,
                    243.88812307466011
                ]
            ],
            "location": [
                16.580322133851737,
                1.4949284409083377,
                -80.6273793183389
            ],
            "quaternion_xyzw": [
                0.6662327000502019,
                0.5915507895897735,
                -0.3054696231608632,
                0.33599101482851007
            ]
        },
        {
            "class": "models",
            "name": "models_004",
            "visibility": 315,
            "projected_cuboid": [
                [
                    297.98679096654644,
                    197.10006741574372
                ],
                [
                    282.17429439874655,
                    255.16131742748968
                ],
                [
                    295.4045448040764,
                    274.9819853684412
                ],
                [
                    309.84707554550056,
                    218.34331295173152
                ],
                [
                    274.33261950551235,
                    198.27857108201184
                ],
                [
                    257.50894303261055,
                    255.16488627900472
                ],
                [
                    271.55277368154833,
                    274.57999321345073
                ],
                [
                    286.9488293535334,
                    219.06066195851344
                ],
                [
                    284.7042519814956,
                    236.03210447833817
                ]
            ],