{
    "camera_data": {
        "width": 500,
        "height": 500,
        "camera_look_at": {
            "at": [
                -0.0,
                1.0,
                -7.549790126404332e-08
            ],
            "eye": [
                -0.0,
                25.0,
                -0.0
            ],
            "up": [
                1.0,
                0.0,
                0.0
            ]
        },
        "intrinsics": {
            "fx": 603.5535070631239,
            "fy": 603.5535070631239,
            "cx": 0.0,
            "cy": 0.0
        }
    },
    "objects": [
        {
            "class": "Ketchup",
            "name": "Ketchup_000",
            "visibility": 35779,
            "projected_cuboid": [
                [
                    452.35631372550347,
                    421.10654395754557
                ],
                [
                    516.7090199510894,
                    299.51831917689327
                ],
                [
                    206.60043463178863,
                    178.6033746715377
                ],
                [
                    151.56212883296152,
                    319.41621674485083
                ],
                [
                    418.7539767349531,
                    378.207663377838
                ],
                [
                    473.06981957651976,
                    271.0282626583037
                ],
                [
                    204.18398569452125,
                    165.08810359898558
                ],
                [
                    156.9505669464436,
                    286.8151747419006
                ],
                [
                    328.0364686496171,
                    292.8562540597803
                ]
            ],
            "location": [
                9.243879458410579,
                -5.102430713481301,
                -71.03280892406697
            ],
            "quaternion_xyzw": [
                -0.034331200980407886,
                -0.1353585703453997,
                0.8186654606807312,
                -0.5570334725684777
            ]
        }
    ]
}