{
    "camera_data": {
        "width": 500,
        "height": 500,
        "camera_look_at": {
            "at": [
                -0.0,
                1.0,
                -7.549790126404332e-08
            ],
            "eye": [
                -0.0,
                25.0,
                -0.0
            ],
            "up": [
                1.0,
                0.0,
                0.0
            ]
        },
        "intrinsics": {
            "fx": 603.5535070631239,
            "fy": 603.5535070631239,
            "cx": 0.0,
            "cy": 0.0
        }
    },
    "objects": [
        {
            "class": "reinforced_bracket",
            "name": "reinforced_bracket_000",
            "visibility": 18575,
            "projected_cuboid": [
                [
                    297.6431993557023,
                    132.3477357092983
                ],
                [
                    380.6734967660226,
                    -40.56986347207226
                ],
                [
                    251.76245282443915,
                    -24.779491521610453
                ],
                [
                    202.01544894933795,
                    155.72150571904643
                ],
                [
                    265.29468703303786,
                    75.50055533982413
                ],
                [
                    331.5917556117397,
                    -109.0965649077263
                ],
                [
                    205.7943853609635,
                    -100.8962452521751
                ],
                [
                    171.58250631225067,
                    93.96723096702186
                ],
                [
                    260.10076496878577,
                    37.011212507185746
                ]
            ],
            "location": [
                3.0853710065301954,
                13.529857115615092,
                -62.4213800503921
            ],
            "quaternion_xyzw": [
                0.19576974716591422,
                0.5424158642648638,
                -0.5663070155256502,
                0.5888595761765484
            ]
        },
        {
            "class": "reinforced_bracket",
            "name": "reinforced_bracket_001",
            "visibility": 6407,
            "projected_cuboid": [
                [
                    398.1062128196693,
                    134.43343064241884
                ],
                [
                    337.9234664314728,
                    26.65912745914622
                ],
                [
                    260.41550953272406,
                    81.65521313341236
                ],
                [
                    331.8473290221216,
                    176.72771813697364
                ],
                [
                    376.3439409172279,
                    102.98123274227638
                ],
                [
                    315.95398420610843,
                    -3.6778436955059703
                ],
                [
                    244.30824030982754,
                    48.779366427285424
                ],
                [
                    314.3822464027263,
                    143.87641889245361
                ],
                [
                    324.51038810858944,
                    93.44601062960945
                ]
            ],
            "location": [
                17.910015316608096,
                17.04881307112954,
                -88.33256493926645
            ],
            "quaternion_xyzw": [
                0.29648018361383627,
                0.29649807377376225,
                -0.39338557745892766,
                0.8181907970761213
            ]
        },
        {
            "class": "reinforced_bracket",
            "name": "reinforced_bracket_002",
            "visibility": 2852,
            "projected_cuboid": [
                [
                    221.52302005482844,
                    331.94874065349825
                ],
                [
                    116.12688514447376,
                    350.9468482111216
                ],
                [
                    138.83425820043524,
                    388.18860314662925
                ],
                [
                    239.2807972575812,
                    371.60604720966666
                ],
                [
                    224.79942949271455,
                    302.10123420554623
                ],
                [
                    124.83478093897638,
                    321.16054511736354
                ],
                [
                    145.96894473648024,
                    358.03889195207677
                ],
                [
                    241.46787406126566,
                    341.2606374822981
                ],
                [
                    181.03181237817088,
                    345.93106678264337
                ]
            ],
            "location": [
                -7.1904704067084495,
                -18.329532450993852,
                -116.57577060857707
            ],
            "quaternion_xyzw": [
                0.3158808012458169,
                -0.06558758227388659,
                0.12815927178541442,
                0.9378127688996336
            ]
        },
        {
            "class": "reinforced_bracket",
            "name": "reinforced_bracket_003",
            "visibility": 15036,
            "projected_cuboid": [
                [
                    234.0074008340497,
                    165.7983289084606
                ],
                [
                    85.42987290668012,
                    164.84006647702472
                ],
                [
                    118.6654640251858,
                    79.86337239534348
                ],
                [
                    267.2089134344978,
                    62.71214322613173
                ],
                [
                    180.5571716728549,
                    119.13796239567068
                ],
                [
                    27.745521898727162,
                    127.45664199999615
                ],
                [
                    66.67757742122836,
                    35.90214011381468
                ],
                [
                    220.58007886041875,
                    6.243550713140451
                ],
                [
                    144.09353248317572,
                    95.99924708294341
                ]
            ],
            "location": [
                -3.1098473097385657,
                11.16347548393203,
                -59.430994439310936
            ],
            "quaternion_xyzw": [
                0.9358410086895761,
                -0.09811999762947037,
                0.2959050430476718,
                0.164360208137564
            ]
        },
        {
            "class": "reinforced_bracket",
            "name": "reinforced_bracket_004",
            "visibility": 8826,