{
    "camera_data": {
        "width": 500,
        "height": 500,
        "camera_look_at": {
            "at": [
                -0.0,
                1.0,
                -7.549790126404332e-08
            ],
            "eye": [
                -0.0,
                25.0,
                -0.0
            ],
            "up": [
                1.0,
                0.0,
                0.0
            ]
        },
        "intrinsics": {
            "fx": 603.5535070631239,
            "fy": 603.5535070631239,
            "cx": 0.0,
            "cy": 0.0
        }
    },
    "objects": [
        {
            "class": "Reinforced_bracket",
            "name": "Reinforced_bracket_000",
            "visibility": 29125,
            "projected_cuboid": [
                [
                    173.39558258440235,
                    264.13586818889013
                ],
                [
                    159.8093514320476,
                    76.68359808686102
                ],
                [
                    237.03044514719437,
                    157.9687242262351
                ],
                [
                    273.99683023832927,
                    340.76363456278824
                ],
                [
                    286.8511276078839,
                    196.00032124164517
                ],
                [
                    238.22551787292775,
                    18.472968669880714
                ],
                [
                    308.81405106303225,
                    111.51111691886982
                ],
                [
                    373.7097297951867,
                    290.028672935164
                ],
                [
                    255.25213973244138,
                    171.87861195087686
                ]
            ],
            "location": [
                -9.032086918441188,
                -0.6302824757804787,
                -120.12775232007901
            ],
            "quaternion_xyzw": [
                -0.49171788314866993,
                0.6524244343136881,
                0.06944348943498085,
                -0.5724801155300917
            ]
        }
    ]
}