{
    "camera_data": {
        "width": 500,
        "height": 500,
        "camera_look_at": {
            "at": [
                -0.0,
                1.0,
                -7.549790126404332e-08
            ],
            "eye": [
                -0.0,
                25.0,
                -0.0
            ],
            "up": [
                1.0,
                0.0,
                0.0
            ]
        },
        "intrinsics": {
            "fx": 603.5535070631239,
            "fy": 603.5535070631239,
            "cx": 0.0,
            "cy": 0.0
        }
    },
    "objects": [
        {
            "class": "models",
            "name": "models_000",
            "visibility": 2261,
            "projected_cuboid": [
                [
                    230.59255869357315,
                    134.87437093079535
                ],
                [
                    229.58784423768014,
                    186.8406038063087
                ],
                [
                    259.8624777048664,
                    167.36963915270059
                ],
                [
                    258.66911626201596,
                    115.06785006216359
                ],
                [
                    248.7766649225887,
                    149.60984746554266
                ],
                [
                    249.15724999708806,
                    201.23198047850497
                ],
                [
                    279.25993197213364,
                    182.83575383230408
                ],
                [
                    276.70637719299367,
                    130.82131514773207
                ],
                [
                    253.9423758575877,
                    157.88546689387465
                ]
            ],
            "location": [
                -1.931681956865102,
                19.997421908232667,
                -107.07616961198089
            ],
            "quaternion_xyzw": [
                -0.45073934442666297,
                -0.02984109908230628,
                0.7085436266870927,
                0.542134191204062
            ]
        },
        {
            "class": "models",
            "name": "models_001",
            "visibility": 1236,
            "projected_cuboid": [
                [
                    178.09023692617666,
                    382.21790418187607
                ],
                [
                    160.66506277113206,
                    315.8410708186687
                ],
                [
                    183.32608219073404,
                    294.07912139157025
                ],
                [
                    203.0619773421091,
                    361.1684382304743
                ],
                [
                    153.3937967145958,
                    380.5329368922859
                ],
                [
                    137.12242126716217,
                    312.119977970923
                ],
                [
                    159.7450400920548,
                    289.5018785802117
                ],
                [
                    178.36551445176315,
                    358.6610711137542
                ],
                [
                    168.8969044419842,
                    335.7551032129718
                ]
            ],
            "location": [
                -11.052047509143126,
                -19.033759907598878,
                -97.63877441564532
            ],
            "quaternion_xyzw": [
                0.8015359580968913,
                -0.44089022232954667,
                0.3936614882480254,
                -0.09047956897692247
            ]
        },
        {
            "class": "models",
            "name": "models_002",
            "visibility": 623,
            "projected_cuboid": [
                [
                    208.84025218138925,
                    298.85823612962224
                ],
                [
                    216.51663690220977,
                    307.75064064505887
                ],
                [
                    252.462419018035,
                    302.55415200345453
                ],
                [
                    241.22373621217005,
                    294.2685801617329
                ],
                [
                    211.71747121267728,
                    322.32314777334733
                ],
                [
                    219.69664177233787,
                    333.84612966460907
                ],
                [
                    255.50323093403912,
                    328.3992953388746
                ],
                [
                    243.9880820618622,
                    317.53084534169517
                ],
                [
                    231.07199633501705,
                    312.93254644966675
                ]
            ],
            "location": [
                -6.219514988057373,
                -10.134674863257693,
                -122.15519513027289
            ],
            "quaternion_xyzw": [
                -0.46947887256058324,
                0.4954001087677226,
                0.5854428016457757,
                0.43752148113357237
            ]
        },
        {
            "class": "models",
            "name": "models_004",
            "visibility": 290,
            "projected_cuboid": [
                [
                    213.34696792203925,
                    204.0330913583909
                ],
                [
                    202.90547533166608,
                    207.60569615538844
                ],
                [
                    233.68859942899851,
                    208.8437159726791
                ],
                [
                    247.21830640939132,
                    205.4484031187132
                ],
                [
                    213.99140694204235,
                    178.86765002222202
                ],
                [
                    203.4850795577407,
                    184.85885674722462
                ],
                [
                    234.26974943543354,
                    186.37107541505748
                ],
                [
                    247.8645386898852,
                    180.61814484005188
                ],
                [
                    224.3977744984279,
                    194.70452584958014
                ]
            ],
            "location": [
                -5.651396736943077,
                8.997901071090217,
                -119.35872655052519
            ],
            "quaternion_xyzw": [
                0.5516385115040002,
                -0.44655869696414263,
                0.4288294194493883,
                0.5589146730996027
            ]
        },
        {
            "class": "models",
            "name": "models_005",
            "visibility": 9404,
            "projected_cuboid": [
                [
                    52.366445812437235,
                    189.03725232518573
                ],
                [
                    66.10689167995872,
                    320.2540256897628
                ],
                [
                    138.1120504083855,
                    308.341239128092
                ],
                [
                    121.4090667108427,
                    177.69456628820458
                ],
                [
                    68.53270873580777,
                    202.33111961608665
                ],
                [
                    81.82951789084214,
                    323.71555308655627
                ],
                [
                    148.14407451904464,
                    312.74075316394953
                ],
                [
                    132.32630784406604,
                    191.8419460829774
                ],
                [
                    101.22865970775564,
                    252.14621316111106
                ]
            ],