{
    "camera_data": {
        "camera_look_at": {
            "at": [
                0.0,
                0.0,
                0.10671799629926682
            ],
            "eye": [
                0.5738906860351562,
                0.39587318897247314,
                0.4000000059604645
            ],
            "up": [
                0,
                0,
                1
            ]
        },
        "camera_view_matrix": [
            [
                -0.567816972732544,
                -0.31918200850486755,
                0.7587534189224243,
                0.0
            ],
            [
                0.8231548070907593,
                -0.22017359733581543,
                0.5233925580978394,
                0.0
            ],
            [
                -5.960464477539063e-08,
                0.9217627048492432,
                0.3877544403076172,
                0.0
            ],
            [
                -5.960464122267695e-09,
                -0.09836870431900024,
                -0.7977403998374939,
                1.0
            ]
        ],
        "height": 512,
        "intrinsics": {
            "cx": 256.0,
            "cy": 256.0,
            "fx": 618.038818359375,
            "fy": 618.038818359375
        },
        "location_world": [
            0.5738906860351562,
            0.39587318897247314,
            0.4000000059604645
        ],
        "quaternion_world_xyzw": [
            0.25719743967056274,
            0.489869624376297,
            0.7375203371047974,
            0.38722214102745056
        ],
        "width": 512
    },
    "objects": [
        {
            "bounding_box_minx_maxx_miny_maxy": [
                189,
                310,
                366,
                156
            ],
            "class": "cracker",
            "local_cuboid": [
                [
                    8.201800346374512,
                    -10.671899795532227,
                    3.5899999141693115
                ],
                [
                    8.201800346374512,
                    10.671799659729004,
                    3.5899999141693115
                ],
                [
                    8.201800346374512,
                    10.671799659729004,
                    -3.5899999141693115
                ],
                [
                    8.201800346374512,
                    -10.671899795532227,
                    -3.5899999141693115
                ],
                [
                    -8.201800346374512,
                    -10.671899795532227,
                    3.5899999141693115
                ],
                [
                    -8.201800346374512,
                    10.671799659729004,
                    3.5899999141693115
                ],
                [
                    -8.201800346374512,
                    10.671799659729004,
                    -3.5899999141693115
                ],
                [
                    -8.201800346374512,
                    -10.671899795532227,
                    -3.5899999141693115
                ],
                [
                    0.0,
                    -4.9591064453125e-05,
                    0.0
                ],
                [
                    0.0,
                    -4.9591064453125e-05,
                    0.0
                ]
            ],
            "location": [
                -1.2321352826916154e-08,
                -3.725290298461914e-08,
                -0.7563600540161133
            ],
            "location_world": [
                0.0,
                0.0,
                0.10671799629926682
            ],
            "name": "003_cracker_box_0",
            "projected_cuboid": [
                [
                    239.340087890625,
                    193.2870635986328
                ],
                [
                    241.38258361816406,
                    370.21746826171875
                ],
                [
                    193.68319702148438,
                    351.61334228515625
                ],
                [
                    185.88333129882812,
                    182.29891967773438
                ],
                [
                    317.97259521484375,
                    160.9140625
                ],
                [
                    311.9842834472656,
                    314.84564208984375
                ],
                [
                    268.0198974609375,
                    301.24603271484375
                ],
                [
                    269.1595764160156,
                    153.17306518554688
                ],
                [
                    255.99998474121094,
                    255.99966430664062
                ]
            ],
            "provenance": "visii",
            "quaternion_xyzw": [
                -0.45563679933547974,
                0.17476993799209595,
                -0.8679654002189636,
                0.09212276339530945
            ],
            "quaternion_xyzw_world": [
                -0.7068251967430115,
                -0.0,
                -0.0,
                0.7073882222175598
            ],
            "segmentation_id": 2,
            "visibility": 1
        }
    ]
}