{
    "camera_data": {
        "width": 500,
        "height": 500,
        "camera_look_at": {
            "at": [
                -0.0,
                1.0,
                -7.549790126404332e-08
            ],
            "eye": [
                -0.0,
                25.0,
                -0.0
            ],
            "up": [
                1.0,
                0.0,
                0.0
            ]
        },
        "intrinsics": {
            "fx": 603.5535070631239,
            "fy": 603.5535070631239,
            "cx": 0.0,
            "cy": 0.0
        }
    },
    "objects": [
        {
            "class": "003_cracker_box",
            "name": "003_cracker_box_000",
            "visibility": 20736,
            "projected_cuboid": [
                [
                    376.3213544394983,
                    341.9528884548933
                ],
                [
                    349.05067103011135,
                    363.3887803249884
                ],
                [
                    264.8520291521865,
                    286.1224287839892
                ],
                [
                    286.14347502329485,
                    260.16002576429435
                ],
                [
                    296.4702833019402,
                    458.18973075019676
                ],
                [
                    269.78705924195646,
                    475.22958190478835
                ],
                [
                    171.47045385943602,
                    380.7435468584979
                ],
                [
                    189.8753733264048,
                    356.81035813861587
                ],
                [
                    278.51444723595904,
                    360.4736473223522
                ]
            ],
            "location": [
                -0.4667309695858499,
                -19.797616964939955,
                -69.91337846882818
            ],
            "quaternion_xyzw": [
                0.8245065074745067,
                0.387365711897006,
                0.3941212158755323,
                -0.12167699690371951
            ]
        },
        {
            "class": "003_cracker_box",
            "name": "003_cracker_box_001",
            "visibility": 16650,
            "projected_cuboid": [
                [
                    86.15219600539518,
                    525.4259501035392
                ],
                [
                    83.673866705867,
                    497.37634795374595
                ],
                [
                    192.1520844529676,
                    476.0526562297873
                ],
                [
                    202.86116888904476,
                    500.89909062970656
                ],
                [
                    73.54490720808732,
                    377.34851617213815
                ],
                [
                    71.9554250986161,
                    359.78262038232054
                ],
                [
                    185.310657414077,
                    344.9975949755521
                ],
                [
                    195.9228218107168,
                    360.3575742642325
                ],
                [
                    138.03629918052326,
                    431.0178373249635
                ]
            ],
            "location": [
                -17.297920847755407,
                -16.183207933809893,
                -83.34331445659717
            ],
            "quaternion_xyzw": [
                0.6231951570469677,
                -0.44144945543952135,
                0.3902458740500668,
                0.5142551237588713
            ]
        },
        {
            "class": "003_cracker_box",
            "name": "003_cracker_box_002",
            "visibility": 48674,
            "projected_cuboid": [
                [
                    292.31641800052114,
                    235.44793355516006
                ],
                [
                    326.9701876066881,
                    256.21428786751375
                ],
                [
                    418.3504056474808,
                    77.04733619141791
                ],
                [
                    396.63419226076616,
                    30.394049146325017
                ],
                [
                    101.50996304608947,
                    143.6330072088336
                ],
                [
                    149.5537309649793,
                    170.1101234628901
                ],
                [
                    223.75904765478222,
                    22.791334465676186
                ],
                [
                    184.02190393857168,
                    -20.74859923005738
                ],
                [
                    252.48774169748924,
                    111.90424100023665
                ]
            ],
            "location": [
                -8.895526243595985,
                14.914455044672208,
                -55.82881417727752
            ],
            "quaternion_xyzw": [
                0.48182843138127585,
                -0.12218306638803018,
                0.8447592871298314,
                0.1982281710771067
            ]
        },
        {
            "class": "003_cracker_box",
            "name": "003_cracker_box_003",
            "visibility": 9595,
            "projected_cuboid": [
                [
                    300.66865919854894,
                    205.141282881833
                ],
                [
                    306.04108280683306,
                    247.46434413375476
                ],
                [
                    257.1565455984108,
                    204.71368894289762
                ],
                [
                    250.53880871861497,
                    166.29793740473104
                ],
                [
                    158.50860256340067,
                    260.0282719246765
                ],
                [
                    171.0135655792917,
                    302.8525914435077
                ],
                [
                    137.36408487776436,
                    249.87314052985965
                ],
                [
                    125.19205374582451,
                    210.8483099233976
                ],
                [
                    214.10968814748952,
                    228.85123389593238
                ]
            ],
            "location": [
                -14.091078048115222,
                -0.1604237183317826,
                -85.24526521428369
            ],
            "quaternion_xyzw": [
                0.6261146144582563,
                0.49958985303771974,
                0.5730081993594798,
                0.17335533383874865
            ]
        },
        {
            "class": "003_cracker_box",
            "name": "003_cracker_box_004",
            "visibility": 4843,